<?xml version="1.0" encoding="UTF-8"?>
<project-private xmlns="http://www.netbeans.org/ns/project-private/1">
    <editor-bookmarks xmlns="http://www.netbeans.org/ns/editor-bookmarks/2" lastBookmarkId="0"/>
    <open-files xmlns="http://www.netbeans.org/ns/projectui-open-files/2">
        <group>
            <file>file:/D:/Contenedor/Users/rzarate/OneDrive%20-%20Unidad%20Administrativa%20Especial%20De%20Catastro%20Distrital/Documentos/NetBeansProjects/SistemaVentasTanFresco/src/java/Controlador/Validar.java</file>
            <file>file:/D:/Contenedor/Users/rzarate/OneDrive%20-%20Unidad%20Administrativa%20Especial%20De%20Catastro%20Distrital/Documentos/NetBeansProjects/SistemaVentasTanFresco/web/index.jsp</file>
            <file>file:/D:/Contenedor/Users/rzarate/OneDrive%20-%20Unidad%20Administrativa%20Especial%20De%20Catastro%20Distrital/Documentos/NetBeansProjects/SistemaVentasTanFresco/src/java/Modelo/EmpleadoDAO.java</file>
            <file>file:/D:/Contenedor/Users/rzarate/OneDrive%20-%20Unidad%20Administrativa%20Especial%20De%20Catastro%20Distrital/Documentos/NetBeansProjects/SistemaVentasTanFresco/src/java/Modelo/Empleado.java</file>
            <file>file:/D:/Contenedor/Users/rzarate/OneDrive%20-%20Unidad%20Administrativa%20Especial%20De%20Catastro%20Distrital/Documentos/NetBeansProjects/SistemaVentasTanFresco/web/Principal.jsp</file>
        </group>
    </open-files>
</project-private>
